{"cameraMode":{"drawMode":0,"name":"Shaded","section":"Shading Mode"},"sceneLighting":true,"audioPlay":false,"sceneViewState":{"m_AlwaysRefresh":false,"showFog":true,"showSkybox":true,"showFlares":true,"showImageEffects":true,"showParticleSystems":true,"showVisualEffectGraphs":true,"m_FxEnabled":true},"in2DMode":false,"pivot":{"x":84.99430847167969,"y":16.821983337402345,"z":17.032878875732423},"rotation":{"x":0.19715535640716554,"y":0.5994229912757874,"z":-0.15548557043075562,"w":0.7600122690200806},"size":159.88624572753907,"orthographic":false}